id_global,categoria,tipo,nombre,archivoDXF,x_mm,y_mm,z_mm,x_min_mm,x_max_mm,y_min_mm,y_max_mm,largo_x_mm,ancho_y_mm,area_mm2,masa_g,material,fuente_posicion,fuente_masa,detectada,num_puntos,notas
1,estructura,ala,ALA_DER_FIJA,C:\Users\Juan Andres Sanchez\Desktop\Vtol Stallion\MatLab_Simulaciones\cad\estructura_dxf\ALA_DER_FIJA.DXF,866.073383986028,356.776632402418,0,735,990,119.1366294,650,255,530.8633706,104498.653566,NaN,,DXF_separado,manual,1,132,"Completar masa_g, z_mm y material manualmente"
2,estructura,ala,ALA_IZQ_FIJA,C:\Users\Juan Andres Sanchez\Desktop\Vtol Stallion\MatLab_Simulaciones\cad\estructura_dxf\ALA_IZQ_FIJA.DXF,866.073383986028,-356.776632402418,0,735,990,-650,-119.1366294,255,530.8633706,104498.653566,NaN,,DXF_separado,manual,1,132,"Completar masa_g, z_mm y material manualmente"
3,estructura,superficie_control,ALERON_DER,C:\Users\Juan Andres Sanchez\Desktop\Vtol Stallion\MatLab_Simulaciones\cad\estructura_dxf\ALERON_DER.DXF,940.946999999999,350,0,899.0368442,982.8571429,200,500,83.8202987,300,16574.7,NaN,,DXF_separado,manual,1,8,"Completar masa_g, z_mm y material manualmente"
4,estructura,superficie_control,ALERON_IZQ,C:\Users\Juan Andres Sanchez\Desktop\Vtol Stallion\MatLab_Simulaciones\cad\estructura_dxf\ALERON_IZQ.DXF,940.946999999999,-350,0,899.0368442,982.8571429,-500,-200,83.8202987,300,16574.7,NaN,,DXF_separado,manual,1,8,"Completar masa_g, z_mm y material manualmente"
5,estructura,boom,BOOM_TRASERO,C:\Users\Juan Andres Sanchez\Desktop\Vtol Stallion\MatLab_Simulaciones\cad\estructura_dxf\BOOM_TRASERO.DXF,1190,-1.72095582934207e-15,0,1140,1290,-8.75000000000006,8.74999999999994,150,17.5,1312.5,NaN,,DXF_separado,manual,1,10,"Completar masa_g, z_mm y material manualmente"
6,estructura,cola,COLA_DER_FIJA,C:\Users\Juan Andres Sanchez\Desktop\Vtol Stallion\MatLab_Simulaciones\cad\estructura_dxf\COLA_DER_FIJA.DXF,1397.11199812306,85.3325861521644,0,1325,1485,17.4999999999999,220,160,202.5,12963.8508775,NaN,,DXF_separado,manual,1,48,"Completar masa_g, z_mm y material manualmente"
7,estructura,cola,COLA_IZQ_FIJA,C:\Users\Juan Andres Sanchez\Desktop\Vtol Stallion\MatLab_Simulaciones\cad\estructura_dxf\COLA_IZQ_FIJA.DXF,1397.11199812306,-85.3325861521644,0,1325,1485,-220,-17.5000000000001,160,202.5,12963.8508775,NaN,,DXF_separado,manual,1,48,"Completar masa_g, z_mm y material manualmente"
8,estructura,superficie_control,ELEVON_COLA_DER,C:\Users\Juan Andres Sanchez\Desktop\Vtol Stallion\MatLab_Simulaciones\cad\estructura_dxf\ELEVON_COLA_DER.DXF,1458.32200000001,102.5,0,1434.8540359,1481.7901235,17.4999999999999,187.5,46.9360876000001,170,5124.82,NaN,,DXF_separado,manual,1,8,"Completar masa_g, z_mm y material manualmente"
9,estructura,superficie_control,ELEVON_COLA_IZQ,C:\Users\Juan Andres Sanchez\Desktop\Vtol Stallion\MatLab_Simulaciones\cad\estructura_dxf\ELEVON_COLA_IZQ.DXF,1458.32200000001,-102.5,0,1434.8540359,1481.7901235,-187.5,-17.5000000000001,46.9360876000001,170,5124.82,NaN,,DXF_separado,manual,1,8,"Completar masa_g, z_mm y material manualmente"
10,estructura,fuselaje,FUSELAJE,C:\Users\Juan Andres Sanchez\Desktop\Vtol Stallion\MatLab_Simulaciones\cad\estructura_dxf\FUSELAJE.DXF,827.397089212637,2.54406793121799e-15,0,495,1140,-119.1366294,119.1366294,645,238.2732588,113644.991858,NaN,,DXF_separado,manual,1,750,"Completar masa_g, z_mm y material manualmente"
11,estructura,fuselaje_cola,FUSELAJE_COLA,C:\Users\Juan Andres Sanchez\Desktop\Vtol Stallion\MatLab_Simulaciones\cad\estructura_dxf\FUSELAJE_COLA.DXF,1385.69344858575,0,0,1290,1485,-17.5000000285718,17.5000000285719,195,35.0000000571437,6617.900936,NaN,,DXF_separado,manual,1,166,"Completar masa_g, z_mm y material manualmente"
12,estructura,soporte_motor,SOPORTE_MOTOR_DER,C:\Users\Juan Andres Sanchez\Desktop\Vtol Stallion\MatLab_Simulaciones\cad\estructura_dxf\SOPORTE_MOTOR_DER.DXF,730.939150302009,326.238235707262,0,650.3809524,806.2847689,310,350,155.9038165,40,3986.63999999999,NaN,,DXF_separado,manual,1,12,"Completar masa_g, z_mm y material manualmente"
13,estructura,soporte_motor,SOPORTE_MOTOR_IZQ,C:\Users\Juan Andres Sanchez\Desktop\Vtol Stallion\MatLab_Simulaciones\cad\estructura_dxf\SOPORTE_MOTOR_IZQ.DXF,730.939150302008,-326.238235707262,0,650.3809524,806.2847689,-350,-310,155.9038165,40,3986.63999999999,NaN,,DXF_separado,manual,1,12,"Completar masa_g, z_mm y material manualmente"
14,componente,bateria,BATERIA,C:\Users\Juan Andres Sanchez\Desktop\Vtol Stallion\MatLab_Simulaciones\cad\componentes_dxf\BATERIA.DXF,675,0,0,615,735,-32.5000000000001,32.4999999999999,120,65,7800,NaN,,DXF_separado,manual,1,16,"Completar masa_g, z_mm y material manualmente"
15,componente,electronica,ELECTRONICA,C:\Users\Juan Andres Sanchez\Desktop\Vtol Stallion\MatLab_Simulaciones\cad\componentes_dxf\ELECTRONICA.DXF,870,0,0,815,925,-32.5000000000001,32.4999999999999,110,65,7150,NaN,,DXF_separado,manual,1,16,"Completar masa_g, z_mm y material manualmente"
16,componente,motor,MOTOR_DER,C:\Users\Juan Andres Sanchez\Desktop\Vtol Stallion\MatLab_Simulaciones\cad\componentes_dxf\MOTOR_DER.DXF,633.380899762677,329.999999999998,0,616.889259450678,649.8809524,313.502076893381,346.497923106619,32.9916929493224,32.9958462132379,854.723968,NaN,,DXF_separado,manual,1,100,"Completar masa_g, z_mm y material manualmente"
17,componente,motor,MOTOR_IZQ,C:\Users\Juan Andres Sanchez\Desktop\Vtol Stallion\MatLab_Simulaciones\cad\componentes_dxf\MOTOR_IZQ.DXF,633.380899762677,-329.999999999998,0,616.889259450678,649.8809524,-346.497923106619,-313.502076893381,32.9916929493224,32.9958462132379,854.723968000002,NaN,,DXF_separado,manual,1,100,"Completar masa_g, z_mm y material manualmente"
18,componente,motor,MOTOR_TRASERO,C:\Users\Juan Andres Sanchez\Desktop\Vtol Stallion\MatLab_Simulaciones\cad\componentes_dxf\MOTOR_TRASERO.DXF,1214.99993060204,2.39491576875608e-15,0,1198.50830705068,1231.5,-16.497923106619,16.4979231066189,32.9916929493224,32.9958462132379,854.725797,NaN,,DXF_separado,manual,1,100,"Completar masa_g, z_mm y material manualmente"
19,componente,servo,SERVO_ALA_DER,C:\Users\Juan Andres Sanchez\Desktop\Vtol Stallion\MatLab_Simulaciones\cad\componentes_dxf\SERVO_ALA_DER.DXF,877.607999999995,349.999999999998,0,860.1082728,895.1082728,337.5,362.5,34.9999999999999,25,875.000000000003,NaN,,DXF_separado,manual,1,16,"Completar masa_g, z_mm y material manualmente"
20,componente,servo,SERVO_ALA_IZQ,C:\Users\Juan Andres Sanchez\Desktop\Vtol Stallion\MatLab_Simulaciones\cad\componentes_dxf\SERVO_ALA_IZQ.DXF,877.607999999995,-349.999999999998,0,860.1082728,895.1082728,-362.5,-337.5,34.9999999999999,25,875.000000000003,NaN,,DXF_separado,manual,1,16,"Completar masa_g, z_mm y material manualmente"
21,componente,servo,SERVO_COLA_DER,C:\Users\Juan Andres Sanchez\Desktop\Vtol Stallion\MatLab_Simulaciones\cad\componentes_dxf\SERVO_COLA_DER.DXF,1382.25,-17.5,0,1364.75,1399.75,-30.0000000000001,-5.00000000000006,35,25,874.999999999998,NaN,,DXF_separado,manual,1,16,"Completar masa_g, z_mm y material manualmente"
22,componente,servo,SERVO_COLA_IZQ,C:\Users\Juan Andres Sanchez\Desktop\Vtol Stallion\MatLab_Simulaciones\cad\componentes_dxf\SERVO_COLA_IZQ.DXF,1382.25,17.5,0,1364.75,1399.75,4.99999999999994,29.9999999999999,35,25,874.999999999998,NaN,,DXF_separado,manual,1,16,"Completar masa_g, z_mm y material manualmente"
23,componente,servo,SERVO_MOTOR_DER,C:\Users\Juan Andres Sanchez\Desktop\Vtol Stallion\MatLab_Simulaciones\cad\componentes_dxf\SERVO_MOTOR_DER.DXF,673.381000000005,330.000000000003,0,654.3809524,692.3809524,312.5,347.5,38,35,1330,NaN,,DXF_separado,manual,1,16,"Completar masa_g, z_mm y material manualmente"
24,componente,servo,SERVO_MOTOR_IZQ,C:\Users\Juan Andres Sanchez\Desktop\Vtol Stallion\MatLab_Simulaciones\cad\componentes_dxf\SERVO_MOTOR_IZQ.DXF,673.381000000005,-330.000000000003,0,654.3809524,692.3809524,-347.5,-312.5,38,35,1330,NaN,,DXF_separado,manual,1,16,"Completar masa_g, z_mm y material manualmente"
